Existing ID,Existing Title,Existing Category,Source File,Proposed Domain,Proposed Major Category,Proposed Parent Topic,Proposed Content Type,Mapping Status,Duplicate/Overlap Notes,Reference Status,Additional Action Required
preop-assessment,Preoperative Assessment & Optimisation,anaesthesia,study-data.js,Anaesthesia,General Anaesthesia,,Topic,Retain,None,Complete,Standardize into domain/category hierarchy while maintaining ID
asa-pscore,ASA Physical Status Classification,anaesthesia,study-data.js,Anaesthesia,General Anaesthesia,,Topic,Retain,None,Complete,Standardize into domain/category hierarchy while maintaining ID
airway-assessment,Airway Assessment & Difficult Airway Management,anaesthesia,study-data.js,Critical Care,General Principles,,Topic,Retain,None,Complete,Standardize into domain/category hierarchy while maintaining ID
anaesthesia-machine,Anaesthesia Machine & Breathing Circuits,anaesthesia,study-data.js,Anaesthesia,General Anaesthesia,,Topic,Retain,None,Complete,Standardize into domain/category hierarchy while maintaining ID
anaesthesia-workstation-check,Anaesthesia Workstation Check — Pre-Use Checkout Protocol,anaesthesia,study-data.js,Anaesthesia,General Anaesthesia,,Topic,Retain,None,Complete,Standardize into domain/category hierarchy while maintaining ID
rsi,Rapid Sequence Induction (RSI),anaesthesia,study-data.js,Anaesthesia,General Anaesthesia,,Topic,Retain,None,Complete,Standardize into domain/category hierarchy while maintaining ID
asa-monitoring,ASA Standard Monitoring,anaesthesia,study-data.js,Anaesthesia,General Anaesthesia,,Topic,Retain,None,Complete,Standardize into domain/category hierarchy while maintaining ID
fluid-transfusion,Fluids & Blood Products in Anaesthesia,anaesthesia,study-data.js,Anaesthesia,General Anaesthesia,,Topic,Retain,None,Complete,Standardize into domain/category hierarchy while maintaining ID
malignant-hyperthermia,Malignant Hyperthermia,anaesthesia,study-data.js,Anaesthesia,General Anaesthesia,,Topic,Retain,None,Complete,Standardize into domain/category hierarchy while maintaining ID
ponv,Postoperative Nausea and Vomiting (PONV),anaesthesia,study-data.js,Anaesthesia,General Anaesthesia,,Topic,Retain,None,Complete,Standardize into domain/category hierarchy while maintaining ID
regional-physiology,Neuraxial Blockade — Physiology & Comparison with GA,anaesthesia,study-data.js,Anaesthesia,General Anaesthesia,,Topic,Retain,None,Complete,Standardize into domain/category hierarchy while maintaining ID
anaphylaxis-anaesthesia,Anaphylaxis Under Anaesthesia,anaesthesia,study-data.js,Anaesthesia,General Anaesthesia,,Topic,Retain,None,Complete,Standardize into domain/category hierarchy while maintaining ID
eras,Enhanced Recovery After Surgery (ERAS),anaesthesia,study-data.js,Anaesthesia,General Anaesthesia,,Topic,Retain,None,Complete,Standardize into domain/category hierarchy while maintaining ID
dka-perioperative-glycaemic-protocols,"Diabetic Ketoacidosis (DKA), Euglycaemic DKA & Perioperative Glycaemic Protocols",anaesthesia,study-data.js,Anaesthesia,General Anaesthesia,,Topic,Retain,None,Complete,Standardize into domain/category hierarchy while maintaining ID
exam-airway,Airway Clinical Examination & Difficult Airway Predictors,examination,study-data.js,Critical Care,General Principles,,Topic,Retain,None,Complete,Standardize into domain/category hierarchy while maintaining ID
exam-cvs,Cardiovascular System (CVS) Pre-Anaesthetic Examination,examination,study-data.js,Anaesthesia,Monitoring,,Topic,Retain,None,Complete,Standardize into domain/category hierarchy while maintaining ID
exam-respiratory,Respiratory System (RS) Examination & Bedside PFTs,examination,study-data.js,Anaesthesia,Monitoring,,Topic,Retain,None,Complete,Standardize into domain/category hierarchy while maintaining ID
exam-cns,"Central Nervous System (CNS) Examination, MMSE & Cranial Nerves",examination,study-data.js,Anaesthesia,Monitoring,,Topic,Retain,None,Complete,Standardize into domain/category hierarchy while maintaining ID
exam-gi,"Gastrointestinal (GI) Examination, Fasting & Gastric POCUS",examination,study-data.js,Anaesthesia,Monitoring,,Topic,Retain,None,Complete,Standardize into domain/category hierarchy while maintaining ID
ecg-basic,Basic ECG Interpretation & Systematic Sequence,ecg,study-data.js,Anaesthesia,Monitoring,,Topic,Retain,None,Complete,Standardize into domain/category hierarchy while maintaining ID
ecg-axis,Cardiac Axis Interpretation: Hexaxial Reference System & Quadrant Rules,ecg,study-data.js,Anaesthesia,Monitoring,,Topic,Retain,None,Complete,Standardize into domain/category hierarchy while maintaining ID
ecg-lvh,"Left Ventricular Hypertrophy (LVH): Sokolow-Lyon, Cornell & Romhilt-Estes Criteria",ecg,study-data.js,Critical Care,General Principles,,Topic,Retain,None,Complete,Standardize into domain/category hierarchy while maintaining ID
ecg-rvh,Right Ventricular Hypertrophy (RVH): Precordial & Frontal Criteria,ecg,study-data.js,Critical Care,General Principles,,Topic,Retain,None,Complete,Standardize into domain/category hierarchy while maintaining ID
ecg-bbb,"Bundle Branch Blocks: LBBB, RBBB & Sgarbossa MI Criteria",ecg,study-data.js,Anaesthesia,Monitoring,,Topic,Retain,None,Complete,Standardize into domain/category hierarchy while maintaining ID
ecg-mi,Myocardial Infarction (MI) Criteria & STEMI Equivalents,ecg,study-data.js,Anaesthesia,Monitoring,,Topic,Retain,None,Complete,Standardize into domain/category hierarchy while maintaining ID
ecg-blocks,"Heart Blocks: 1st Degree, Mobitz I, Mobitz II & Complete Heart Block",ecg,study-data.js,Anaesthesia,Monitoring,,Topic,Retain,None,Complete,Standardize into domain/category hierarchy while maintaining ID
ecg-vt,"Ventricular Tachycardia (VT): Monomorphic, Polymorphic & Diagnostic Algorithms",ecg,study-data.js,Critical Care,General Principles,,Topic,Retain,None,Complete,Standardize into domain/category hierarchy while maintaining ID
ecg-vf,Ventricular Fibrillation (VF): Coarse vs Fine & ACLS Protocol,ecg,study-data.js,Critical Care,General Principles,,Topic,Retain,None,Complete,Standardize into domain/category hierarchy while maintaining ID
ecg-hyperkalemia,Hyperkalaemia in ECG: Serum Level-Wise ECG Progression & Emergency Protocol,ecg,study-data.js,Anaesthesia,Monitoring,,Topic,Retain,None,Complete,Standardize into domain/category hierarchy while maintaining ID
ecg-hypokalemia,Hypokalaemia in ECG: Serum Level-Wise ECG Progression & Replacement Safety,ecg,study-data.js,Anaesthesia,Monitoring,,Topic,Retain,None,Complete,Standardize into domain/category hierarchy while maintaining ID
ecg-pacemaker,"Cardiac Pacemaker Rhythms: NBG Codes, Paced ECG Morphologies & Malfunctions",ecg,study-data.js,Anaesthesia,Monitoring,,Topic,Retain,None,Complete,Standardize into domain/category hierarchy while maintaining ID
abg-interpretation,ABG Interpretation: Systematic 6-Step Method & Reference Ranges,abg,study-data.js,Critical Care,General Principles,,Topic,Retain,None,Complete,Standardize into domain/category hierarchy while maintaining ID
abg-metabolic-acidosis,Metabolic Acidosis: Pathophysiology & Winter's Formula Compensation,abg,study-data.js,Critical Care,General Principles,,Topic,Retain,None,Complete,Standardize into domain/category hierarchy while maintaining ID
abg-respiratory-acidosis,Respiratory Acidosis: Acute vs Chronic Renal Compensation Rules,abg,study-data.js,Critical Care,Respiratory Critical Care,,Topic,Retain,None,Complete,Standardize into domain/category hierarchy while maintaining ID
abg-metabolic-alkalosis,Metabolic Alkalosis: Saline-Responsive vs Saline-Resistant & Urinary Chloride,abg,study-data.js,Critical Care,General Principles,,Topic,Retain,None,Complete,Standardize into domain/category hierarchy while maintaining ID
abg-respiratory-alkalosis,Respiratory Alkalosis: Acute vs Chronic Rules & Cerebral Vasoconstriction,abg,study-data.js,Critical Care,Respiratory Critical Care,,Topic,Retain,None,Complete,Standardize into domain/category hierarchy while maintaining ID
abg-hagma-delta-gap,"HAGMA & Delta Gap: Anion Gap, Albumin Correction & Delta Ratio",abg,study-data.js,Critical Care,General Principles,,Topic,Retain,None,Complete,Standardize into domain/category hierarchy while maintaining ID
abg-hagma-nagma-examples,HAGMA vs NAGMA Examples: MUDPILES / GOLD MARK vs HARDCARP & UAG,abg,study-data.js,Critical Care,General Principles,,Topic,Retain,None,Complete,Standardize into domain/category hierarchy while maintaining ID
breathing-systems-mapleson,Breathing Systems & Mapleson Circuits (A–F),equipment,study-data.js,Anaesthesia,Equipment,,Topic,Retain,None,Complete,Standardize into domain/category hierarchy while maintaining ID
circle-system,Circle Breathing System & Low-Flow Anaesthesia,equipment,study-data.js,Anaesthesia,Equipment,,Topic,Retain,None,Complete,Standardize into domain/category hierarchy while maintaining ID
ventilators-classification,"Anaesthesia Ventilators — Classification, Bellows & Modes",equipment,study-data.js,Critical Care,Respiratory Critical Care,,Topic,Retain,None,Complete,Standardize into domain/category hierarchy while maintaining ID
vaporizers-device,"Vaporizers — Physics, Classification, Mechanisms & Clinical Hazards",equipment,study-data.js,Critical Care,Respiratory Critical Care,,Topic,Retain,None,Complete,Standardize into domain/category hierarchy while maintaining ID
airway-devices-equipment,"Airway Devices — Laryngoscopes, Tubes, Supraglottic Airways & Bougies",equipment,study-data.js,Anaesthesia,Equipment,,Topic,Retain,None,Complete,Standardize into domain/category hierarchy while maintaining ID
supraglottic-airways-lma,Laryngeal Mask Airways (LMA) & Supraglottic Airway Devices (SAD),equipment,study-data.js,Anaesthesia,Equipment,,Topic,Retain,None,Complete,Standardize into domain/category hierarchy while maintaining ID
humidification-scavenging,"Humidification, Filtration & Scavenging Systems",equipment,study-data.js,Anaesthesia,Equipment,,Topic,Retain,None,Complete,Standardize into domain/category hierarchy while maintaining ID
warming-suction-devices,"Patient Warming, Fluid Warming & Suction Devices",equipment,study-data.js,Anaesthesia,Equipment,,Topic,Retain,None,Complete,Standardize into domain/category hierarchy while maintaining ID
medical-gas-cylinders,Medical Gas Cylinders & Pipeline Supply Systems,equipment,study-data.js,Anaesthesia,Equipment,,Topic,Retain,None,Complete,Standardize into domain/category hierarchy while maintaining ID
venturi-oxygen-devices,Venturi Principle & Fixed/Variable Oxygen Delivery Devices,equipment,study-data.js,Anaesthesia,Equipment,,Topic,Retain,None,Complete,Standardize into domain/category hierarchy while maintaining ID
infusion-pumps-tci,"Infusion Pumps, Syringe Drivers & Target-Controlled Infusion (TCI)",equipment,study-data.js,Anaesthesia,Equipment,,Topic,Retain,None,Complete,Standardize into domain/category hierarchy while maintaining ID
soda-lime-absorbents,Carbon Dioxide Absorbents & Soda Lime Chemistry,equipment,study-data.js,Anaesthesia,Equipment,,Topic,Retain,None,Complete,Standardize into domain/category hierarchy while maintaining ID
central-venous-pulmonary-artery-catheters,Central Venous Catheters & Pulmonary Artery Catheters (Swan-Ganz),equipment,study-data.js,Anaesthesia,Equipment,,Topic,Retain,None,Complete,Standardize into domain/category hierarchy while maintaining ID
cardiopulmonary-bypass-cpb,"Cardiopulmonary Bypass (CPB) — Circuit, Anticoagulation, Cardioplegia & Separation",equipment,study-data.js,Anaesthesia,Equipment,,Topic,Retain,None,Complete,Standardize into domain/category hierarchy while maintaining ID
thrive-hfno-apneic-oxygenation,THRIVE & High-Flow Nasal Oxygen (HFNO) — Apneic Oxygenation & Micro-Ventilation,equipment,study-data.js,Anaesthesia,Equipment,,Topic,Retain,None,Complete,Standardize into domain/category hierarchy while maintaining ID
jet-ventilation-hfjv-emergency,Jet Ventilation — High-Frequency Jet Ventilation (HFJV) & Emergency Transtracheal Jet Ventilation (TTJV),equipment,study-data.js,Anaesthesia,Equipment,,Topic,Retain,None,Complete,Standardize into domain/category hierarchy while maintaining ID
ecmo-extracorporeal-membrane-oxygenation,"Extracorporeal Membrane Oxygenation (ECMO) — Circuit, Cannulation, Physiology & Hazards",equipment,study-data.js,Critical Care,Respiratory Critical Care,,Topic,Retain,None,Complete,Standardize into domain/category hierarchy while maintaining ID
haemodialysis-crrt-dialysis-circuit,"Haemodialysis & Continuous Renal Replacement Therapy (CRRT) — Circuit, Clearance & Anticoagulation",equipment,study-data.js,Anaesthesia,Equipment,,Topic,Retain,None,Complete,Standardize into domain/category hierarchy while maintaining ID
nerve-stimulator-neuromuscular-monitoring,"Peripheral Nerve Stimulators & Quantitative Neuromuscular Monitoring (TOF, PTC, DBS)",equipment,study-data.js,Anaesthesia,Equipment,,Topic,Retain,None,Complete,Standardize into domain/category hierarchy while maintaining ID
ambu-bag-bvm,"Ambu Bag — Bag-Valve-Mask (BVM) Resuscitator: Parts, Function & Pre-use Check",equipment,study-data.js,Anaesthesia,Equipment,,Topic,Retain,None,Complete,Standardize into domain/category hierarchy while maintaining ID
pft-how-to-read,How to Read a Pulmonary Function Test (PFT),pft,study-data.js,Anaesthesia,Monitoring,,Topic,Retain,None,Complete,Standardize into domain/category hierarchy while maintaining ID
pft-obstructive,"Obstructive Lung Diseases (COPD, Asthma & Bronchiectasis)",pft,study-data.js,Anaesthesia,Monitoring,,Topic,Retain,None,Complete,Standardize into domain/category hierarchy while maintaining ID
pft-restrictive,Restrictive Lung Diseases & Diffusing Capacity (DLCO),pft,study-data.js,Anaesthesia,Monitoring,,Topic,Retain,None,Complete,Standardize into domain/category hierarchy while maintaining ID
pft-flow-volume-loops,Flow-Volume Loops & Airway Lesions,pft,study-data.js,Anaesthesia,Monitoring,,Topic,Retain,None,Complete,Standardize into domain/category hierarchy while maintaining ID
pft-postop-fev1-dlco,Post-Operative Predicted FEV1 & DLCO (ppoFEV1 & ppoDLCO),pft,study-data.js,Anaesthesia,Monitoring,,Topic,Retain,None,Complete,Standardize into domain/category hierarchy while maintaining ID
antibiotic-pk-pd,Antimicrobial PK/PD & Dosing in Critically Ill Patients,antibiotics,study-data.js,Critical Care,Sepsis & Infectious Diseases,,Topic,Retain,None,Complete,Standardize into domain/category hierarchy while maintaining ID
carbapenems-betalactams,"Carbapenems, Novel BL-BLI Combinations & Siderophore Cephalosporins",antibiotics,study-data.js,Critical Care,Sepsis & Infectious Diseases,,Topic,Retain,None,Complete,Standardize into domain/category hierarchy while maintaining ID
glycopeptides-lipopeptides,"MRSA & Resistant Gram-Positive Therapy: Vancomycin, Daptomycin & Linezolid",antibiotics,study-data.js,Critical Care,Sepsis & Infectious Diseases,,Topic,Retain,None,Complete,Standardize into domain/category hierarchy while maintaining ID
polymyxins-aminoglycosides,Polymyxins (Colistin vs Polymyxin B) & Aminoglycosides in MDR Sepsis,antibiotics,study-data.js,Critical Care,Sepsis & Infectious Diseases,,Topic,Retain,None,Complete,Standardize into domain/category hierarchy while maintaining ID
antifungals-icu,"Critical Care Antifungals: Invasive Candidiasis, Aspergillosis & Mucormycosis",antibiotics,study-data.js,Critical Care,Sepsis & Infectious Diseases,,Topic,Retain,None,Complete,Standardize into domain/category hierarchy while maintaining ID
empiric-sepsis-mdr-bundles,"Surviving Sepsis 1-Hour Bundle, De-escalation & Site-Specific Regimens",antibiotics,study-data.js,Critical Care,Sepsis & Infectious Diseases,,Topic,Retain,None,Complete,Standardize into domain/category hierarchy while maintaining ID
toxidromes-general-approach,"ICU Poisoning Resuscitation, Toxidromes & Extracorporeal Elimination",poisoning,study-data.js,Critical Care,General Principles,,Topic,Retain,None,Complete,Standardize into domain/category hierarchy while maintaining ID
organophosphates-carbamates,Organophosphate & Carbamate Poisoning in Critical Care,poisoning,study-data.js,Critical Care,Poisoning & Environmental Emergencies,,Topic,Retain,None,Complete,Standardize into domain/category hierarchy while maintaining ID
paracetamol-salicylate,Paracetamol (Acetaminophen) & Salicylate (Aspirin) Overdose,poisoning,study-data.js,Critical Care,Poisoning & Environmental Emergencies,,Topic,Retain,None,Complete,Standardize into domain/category hierarchy while maintaining ID
cardiovascular-drug-poisoning,Calcium Channel Blocker (CCB) & Beta-Blocker Poisoning,poisoning,study-data.js,Critical Care,Poisoning & Environmental Emergencies,,Topic,Retain,None,Complete,Standardize into domain/category hierarchy while maintaining ID
toxic-alcohols-tca-cyanide,"Toxic Alcohols (Methanol, Ethylene Glycol), TCAs & Cyanide in ICU",poisoning,study-data.js,Critical Care,General Principles,,Topic,Retain,None,Complete,Standardize into domain/category hierarchy while maintaining ID
celphos-snake-envenomation,Aluminium Phosphide (Celphos) & Snake Envenomation in ICU,poisoning,study-data.js,Critical Care,General Principles,,Topic,Retain,None,Complete,Standardize into domain/category hierarchy while maintaining ID
hemodynamics-shock-approach,Approach to Undifferentiated Shock & Hemodynamic Monitoring,shock,study-data.js,Critical Care,Hemodynamic Support,,Topic,Retain,None,Complete,Standardize into domain/category hierarchy while maintaining ID
septic-shock-resuscitation,Septic Shock: Surviving Sepsis Campaign & Vasopressor Protocols,shock,study-data.js,Critical Care,Hemodynamic Support,,Topic,Retain,None,Complete,Standardize into domain/category hierarchy while maintaining ID
cardiogenic-shock-scai,Cardiogenic Shock & Mechanical Circulatory Support (SCAI Stages),shock,study-data.js,Critical Care,Hemodynamic Support,,Topic,Retain,None,Complete,Standardize into domain/category hierarchy while maintaining ID
hypovolemic-hemorrhagic-shock,Hypovolemic Shock & Massive Transfusion Protocols (MTP),shock,study-data.js,Critical Care,Hemodynamic Support,,Topic,Retain,None,Complete,Standardize into domain/category hierarchy while maintaining ID
obstructive-shock-icu,"Obstructive Shock: Cardiac Tamponade, Tension Pneumothorax & PE",shock,study-data.js,Critical Care,Hemodynamic Support,,Topic,Retain,None,Complete,Standardize into domain/category hierarchy while maintaining ID
anaphylactic-neurogenic-endocrine-shock,"Anaphylactic, Neurogenic & Endocrine Shock",shock,study-data.js,Critical Care,Hemodynamic Support,,Topic,Retain,None,Complete,Standardize into domain/category hierarchy while maintaining ID
acute-respiratory-failure-types,"Acute Respiratory Failure: Types 1, 2, 3 & 4",respiratory,study-data.js,Critical Care,Respiratory Critical Care,,Topic,Retain,None,Complete,Standardize into domain/category hierarchy while maintaining ID
ards-berlin-lung-protective,ARDS: Berlin & New Global Definitions & Lung-Protective Ventilation,respiratory,study-data.js,Critical Care,Respiratory Critical Care,,Topic,Retain,None,Complete,Standardize into domain/category hierarchy while maintaining ID
ards-refractory-rescue-ecmo,"Severe ARDS: Prone Positioning, Paralysis & ECMO Indications",respiratory,study-data.js,Critical Care,Respiratory Critical Care,,Topic,Retain,None,Complete,Standardize into domain/category hierarchy while maintaining ID
status-asthmaticus-copd-icu,Severe Acute Asthma & COPD Exacerbation in ICU,respiratory,study-data.js,Critical Care,Respiratory Critical Care,,Topic,Retain,None,Complete,Standardize into domain/category hierarchy while maintaining ID
massive-pe-cor-pulmonale,Massive Pulmonary Embolism & Acute Cor Pulmonale,respiratory,study-data.js,Critical Care,Respiratory Critical Care,,Topic,Retain,None,Complete,Standardize into domain/category hierarchy while maintaining ID
ventilator-liberation-weaning-failure,"Ventilator Liberation, Weaning Protocols & Extubation Failure",respiratory,study-data.js,Critical Care,Respiratory Critical Care,,Topic,Retain,None,Complete,Standardize into domain/category hierarchy while maintaining ID
propofol,Propofol,induction,study-data.js,Drugs,Induction Agents,"Alkylphenol (2,6-diisopropylphenol) • GABA-A receptor agonist",Drug,Retain,None,Complete,Standardize classification and preserve 3D structure bindings
etomidate,Etomidate,induction,study-data.js,Drugs,Induction Agents,Carboxylated imidazole ester • Positive allosteric GABA-A modulator,Drug,Retain,None,Complete,Standardize classification and preserve 3D structure bindings
ketamine,Ketamine,induction,study-data.js,Drugs,Induction Agents,Arylcycloalkylamine (phencyclidine congener) • Non-competitive NMDA receptor antagonist,Drug,Retain,None,Complete,Standardize classification and preserve 3D structure bindings
thiopental,Thiopental (Sodium Thiopental),induction,study-data.js,Drugs,Induction Agents,Thiobarbiturate (sulfur-substituted barbituric acid) • GABA-A channel potentiator,Drug,Retain,None,Complete,Standardize classification and preserve 3D structure bindings
midazolam,Midazolam,induction,study-data.js,Drugs,Induction Agents,Water-soluble imidazobenzodiazepine • GABA-A positive allosteric modulator,Drug,Retain,None,Complete,Standardize classification and preserve 3D structure bindings
remimazolam,Remimazolam,induction,study-data.js,Drugs,Induction Agents,Ester-hydrolysed soft-drug benzodiazepine • Tissue carboxylesterase-cleared GABA-A modulator,Drug,Retain,None,Complete,Standardize classification and preserve 3D structure bindings
cipepofol,Cipepofol (Ciprofol),induction,study-data.js,Drugs,Induction Agents,Chiral cyclopropyl alkylphenol • High-potency GABA-A receptor agonist,Drug,Retain,None,Complete,Standardize classification and preserve 3D structure bindings
succinylcholine,Succinylcholine (Suxamethonium),relaxants,study-data.js,Drugs,Neuromuscular Blockers,Depolarising neuromuscular blocker • Bis-quaternary acetylcholine dimer (ultra-short-acting),Drug,Retain,None,Complete,Standardize classification and preserve 3D structure bindings
rocuronium,Rocuronium,relaxants,study-data.js,Drugs,Neuromuscular Blockers,Non-depolarising neuromuscular blocker • Monoquaternary aminosteroid (intermediate-acting),Drug,Retain,None,Complete,Standardize classification and preserve 3D structure bindings
vecuronium,Vecuronium,relaxants,study-data.js,Drugs,Neuromuscular Blockers,Non-depolarising neuromuscular blocker • Monoquaternary aminosteroid (intermediate-acting),Drug,Retain,None,Complete,Standardize classification and preserve 3D structure bindings
atracurium,Atracurium,relaxants,study-data.js,Drugs,Neuromuscular Blockers,"Non-depolarising neuromuscular blocker • Bis-quaternary benzylisoquinolinium (intermediate-acting, Hofmann elimination)",Drug,Retain,None,Complete,Standardize classification and preserve 3D structure bindings
cisatracurium,Cisatracurium,relaxants,study-data.js,Drugs,Neuromuscular Blockers,"Non-depolarising neuromuscular blocker • Purified 1R-cis,1'R-cis benzylisoquinolinium (intermediate-acting, Hofmann elimination)",Drug,Retain,None,Complete,Standardize classification and preserve 3D structure bindings
pancuronium,Pancuronium,relaxants,study-data.js,Drugs,Neuromuscular Blockers,"Non-depolarising neuromuscular blocker • Bis-quaternary aminosteroid (long-acting, vagolytic)",Drug,Retain,None,Complete,Standardize classification and preserve 3D structure bindings
mivacurium,Mivacurium,relaxants,study-data.js,Drugs,Neuromuscular Blockers,"Non-depolarising neuromuscular blocker • Benzylisoquinolinium diester (short-acting, plasma cholinesterase cleared)",Drug,Retain,None,Complete,Standardize classification and preserve 3D structure bindings
gantacurium,Gantacurium,relaxants,study-data.js,Drugs,Neuromuscular Blockers,"Non-depolarising neuromuscular blocker • Asymmetric chlorofumarate (investigational ultra-short, L-cysteine reversible)",Drug,Retain,None,Complete,Standardize classification and preserve 3D structure bindings
sugammadex,Sugammadex,reversal,study-data.js,Drugs,Reversal Agents,Modified gamma-cyclodextrin • Selective relaxant binding agent (SRBA),Drug,Retain,None,Complete,Standardize classification and preserve 3D structure bindings
neostigmine,Neostigmine,reversal,study-data.js,Drugs,Reversal Agents,Quaternary ammonium carbamate • Reversible acetylcholinesterase inhibitor,Drug,Retain,None,Complete,Standardize classification and preserve 3D structure bindings
fentanyl,Fentanyl,opioids,study-data.js,Drugs,Opioids,Full mu-opioid agonist • Synthetic 4-anilidopiperidine (phenylpiperidine family),Drug,Retain,None,Complete,Standardize classification and preserve 3D structure bindings
morphine,Morphine,opioids,study-data.js,Drugs,Opioids,Full mu-opioid agonist • Natural phenanthrene alkaloid (morphinan skeleton),Drug,Retain,None,Complete,Standardize classification and preserve 3D structure bindings
hydromorphone,Hydromorphone,opioids,study-data.js,Drugs,Opioids,Full mu-opioid agonist • Semi-synthetic hydrogenated phenanthrene (morphinan skeleton),Drug,Retain,None,Complete,Standardize classification and preserve 3D structure bindings
remifentanil,Remifentanil,opioids,study-data.js,Drugs,Opioids,Full mu-opioid agonist • Esterase-metabolised synthetic phenylpiperidine (ultra-short-acting),Drug,Retain,None,Complete,Standardize classification and preserve 3D structure bindings
sufentanil,Sufentanil,opioids,study-data.js,Drugs,Opioids,Full mu-opioid agonist • Thienyl-substituted synthetic phenylpiperidine (high potency),Drug,Retain,None,Complete,Standardize classification and preserve 3D structure bindings
alfentanil,Alfentanil,opioids,study-data.js,Drugs,Opioids,"Full mu-opioid agonist • Tetrazole-substituted phenylpiperidine (ultra-rapid onset, low pKa)",Drug,Retain,None,Complete,Standardize classification and preserve 3D structure bindings
pethidine,Pethidine (Meperidine),opioids,study-data.js,Drugs,Opioids,"Full mu-opioid agonist • Synthetic phenylpiperidine (anticholinergic, active normeperidine metabolite)",Drug,Retain,None,Complete,Standardize classification and preserve 3D structure bindings
tramadol,Tramadol,opioids,study-data.js,Drugs,Opioids,Atypical / Weak mu-opioid agonist • Dual-mechanism synthetic cyclohexanol (central SNRI / monoamine uptake inhibitor),Drug,Retain,None,Complete,Standardize classification and preserve 3D structure bindings
buprenorphine,Buprenorphine,opioids,study-data.js,Drugs,Opioids,Partial mu-opioid agonist / Kappa antagonist • Semi-synthetic thebaine-derived oripavine (ceiling effect on respiratory depression),Drug,Retain,None,Complete,Standardize classification and preserve 3D structure bindings
nalbuphine,Nalbuphine,opioids,study-data.js,Drugs,Opioids,Mixed kappa agonist / Mu partial antagonist • Semi-synthetic 14-hydroxymorphinan,Drug,Retain,None,Complete,Standardize classification and preserve 3D structure bindings
pentazocine,Pentazocine,opioids,study-data.js,Drugs,Opioids,Mixed kappa agonist / Weak mu antagonist • Synthetic benzomorphan,Drug,Retain,None,Complete,Standardize classification and preserve 3D structure bindings
naloxone,Naloxone,opioids,study-data.js,Drugs,Opioids,"Pure competitive opioid receptor antagonist • N-allyl substituted morphinan (mu, kappa, and delta blocker)",Drug,Retain,None,Complete,Standardize classification and preserve 3D structure bindings
naltrexone,Naltrexone,opioids,study-data.js,Drugs,Opioids,Pure competitive opioid receptor antagonist • Cyclopropylmethyl substituted morphinan (long-acting orally bioavailable blocker),Drug,Retain,None,Complete,Standardize classification and preserve 3D structure bindings
ketorolac,Ketorolac,nsaids,study-data.js,Drugs,Non-opioid Analgesics,Non-selective NSAID • Pyrrolo-pyrrole / Acetic acid derivative (potent COX-1 > COX-2 inhibitor),Drug,Retain,None,Complete,Standardize classification and preserve 3D structure bindings
ibuprofen,Ibuprofen,nsaids,study-data.js,Drugs,Non-opioid Analgesics,Non-selective NSAID • Propionic acid derivative (reversible COX-1 and COX-2 inhibitor),Drug,Retain,None,Complete,Standardize classification and preserve 3D structure bindings
diclofenac,Diclofenac,nsaids,study-data.js,Drugs,Non-opioid Analgesics,Non-selective NSAID • Phenylacetic acid derivative (balanced COX-1 / COX-2 inhibitor),Drug,Retain,None,Complete,Standardize classification and preserve 3D structure bindings
celecoxib,Celecoxib,nsaids,study-data.js,Drugs,Non-opioid Analgesics,Selective COX-2 inhibitor • Diaryl-substituted pyrazole (platelet-sparing coxib),Drug,Retain,None,Complete,Standardize classification and preserve 3D structure bindings
paracetamol,Paracetamol (Acetaminophen),nsaids,study-data.js,Drugs,Non-opioid Analgesics,Para-aminophenol derivative • Central COX-3 / peroxidase inhibitor & indirect TRPA1 modulator,Drug,Retain,None,Complete,Standardize classification and preserve 3D structure bindings
phenylephrine,Phenylephrine,vasopressors,study-data.js,Drugs,Vasopressors & Inotropes,Direct sympathomimetic • Pure selective alpha-1 adrenergic agonist,Drug,Retain,None,Complete,Standardize classification and preserve 3D structure bindings
norepinephrine,Norepinephrine (Noradrenaline),vasopressors,study-data.js,Drugs,Vasopressors & Inotropes,Direct sympathomimetic • Potent alpha-1 and beta-1 adrenergic agonist,Drug,Retain,None,Complete,Standardize classification and preserve 3D structure bindings
epinephrine,Epinephrine (Adrenaline),vasopressors,study-data.js,Drugs,Vasopressors & Inotropes,Direct sympathomimetic • Non-selective alpha and beta adrenergic agonist,Drug,Retain,None,Complete,Standardize classification and preserve 3D structure bindings
vasopressin,Vasopressin (Arginine Vasopressin),vasopressors,study-data.js,Drugs,Vasopressors & Inotropes,Non-adrenergic peptide hormone • Vascular V1a and renal V2 receptor agonist,Drug,Retain,None,Complete,Standardize classification and preserve 3D structure bindings
dopamine,Dopamine,vasopressors,study-data.js,Drugs,Vasopressors & Inotropes,"Direct & indirect sympathomimetic • Dose-dependent D1/D2, beta-1, and alpha-1 agonist",Drug,Retain,None,Complete,Standardize classification and preserve 3D structure bindings
dobutamine,Dobutamine,vasopressors,study-data.js,Drugs,Vasopressors & Inotropes,Direct sympathomimetic • Selective beta-1 adrenergic inotrope (inodilator),Drug,Retain,None,Complete,Standardize classification and preserve 3D structure bindings
lidocaine,Lidocaine,local,study-data.js,Drugs,Local Anaesthetics,"Aminoamide • Intermediate-acting local anaesthetic (fast onset, hepatic CYP1A2/3A4)",Drug,Retain,None,Complete,Standardize classification and preserve 3D structure bindings
bupivacaine,Bupivacaine,local,study-data.js,Drugs,Local Anaesthetics,"Aminoamide • Long-acting local anaesthetic (high protein binding, cardiotoxicity risk)",Drug,Retain,None,Complete,Standardize classification and preserve 3D structure bindings
ropivacaine,Ropivacaine,local,study-data.js,Drugs,Local Anaesthetics,"Aminoamide • Long-acting local anaesthetic (pure S-enantiomer, differential sensory block)",Drug,Retain,None,Complete,Standardize classification and preserve 3D structure bindings
chloroprocaine,Chloroprocaine,local,study-data.js,Drugs,Local Anaesthetics,Aminoester • Ultra-short-acting local anaesthetic (rapid plasma pseudocholinesterase clearance),Drug,Retain,None,Complete,Standardize classification and preserve 3D structure bindings
mepivacaine,Mepivacaine,local,study-data.js,Drugs,Local Anaesthetics,Aminoamide • Intermediate-acting local anaesthetic (minimal intrinsic vasodilation),Drug,Retain,None,Complete,Standardize classification and preserve 3D structure bindings
oxytocin,Oxytocin,pregnancy,study-data.js,Drugs,Obstetric & Pediatric Drugs,Synthetic nonapeptide uterotonic • Gq-coupled oxytocin receptor agonist,Drug,Retain,None,Complete,Standardize classification and preserve 3D structure bindings
carbetocin,Carbetocin,pregnancy,study-data.js,Drugs,Obstetric & Pediatric Drugs,Synthetic 1-deamino-1-carba oxytocin analogue • Long-acting oxytocin receptor agonist,Drug,Retain,None,Complete,Standardize classification and preserve 3D structure bindings
carboprost,Carboprost (15-Methyl PGF2α),pregnancy,study-data.js,Drugs,Obstetric & Pediatric Drugs,Synthetic 15-methyl prostaglandin F2α analogue • Myometrial FP prostanoid receptor agonist,Drug,Retain,None,Complete,Standardize classification and preserve 3D structure bindings
methergine,Methergine (Methylergometrine / Methylergonovine),pregnancy,study-data.js,Drugs,Obstetric & Pediatric Drugs,Semi-synthetic ergot alkaloid derivative • Alpha-1 adrenergic and 5-HT2 receptor agonist,Drug,Retain,None,Complete,Standardize classification and preserve 3D structure bindings
misoprostol,Misoprostol,pregnancy,study-data.js,Drugs,Obstetric & Pediatric Drugs,Synthetic methyl ester prostaglandin E1 analogue • Myometrial EP2/EP3 receptor agonist,Drug,Retain,None,Complete,Standardize classification and preserve 3D structure bindings
ramipril,Ramipril,antihypertensives,study-data.js,Drugs,Cardiovascular Drugs,Angiotensin-Converting Enzyme (ACE) Inhibitor Prodrug,Drug,Retain,None,Complete,Standardize classification and preserve 3D structure bindings
losartan,Losartan,antihypertensives,study-data.js,Drugs,Cardiovascular Drugs,Angiotensin II Receptor Blocker (ARB) • Selective AT1 Antagonist,Drug,Retain,None,Complete,Standardize classification and preserve 3D structure bindings
amlodipine,Amlodipine,antihypertensives,study-data.js,Drugs,Cardiovascular Drugs,Dihydropyridine Calcium Channel Blocker (CCB) • L-type Channel Antagonist,Drug,Retain,None,Complete,Standardize classification and preserve 3D structure bindings
diltiazem,Diltiazem,antihypertensives,study-data.js,Drugs,Cardiovascular Drugs,Benzothiazepine Non-Dihydropyridine Calcium Channel Blocker,Drug,Retain,None,Complete,Standardize classification and preserve 3D structure bindings
metoprolol,Metoprolol,antihypertensives,study-data.js,Drugs,Cardiovascular Drugs,Cardioselective Beta-1 Adrenergic Receptor Antagonist,Drug,Retain,None,Complete,Standardize classification and preserve 3D structure bindings
esmolol,Esmolol,antihypertensives,study-data.js,Drugs,Cardiovascular Drugs,Ultra-Short-Acting Cardioselective Beta-1 Adrenergic Antagonist,Drug,Retain,None,Complete,Standardize classification and preserve 3D structure bindings
hydralazine,Hydralazine,antihypertensives,study-data.js,Drugs,Cardiovascular Drugs,Direct-Acting Peripheral Arteriolar Smooth Muscle Vasodilator,Drug,Retain,None,Complete,Standardize classification and preserve 3D structure bindings
sodium-nitroprusside,Sodium Nitroprusside (SNP),antihypertensives,study-data.js,Drugs,Cardiovascular Drugs,Direct-Acting Mixed Arterial and Venous Vasodilator • Exogenous Nitric Oxide Donor,Drug,Retain,None,Complete,Standardize classification and preserve 3D structure bindings
labetalol,Labetalol,antihypertensives,study-data.js,Drugs,Cardiovascular Drugs,Combined Competitive Alpha-1 and Non-Selective Beta-1/Beta-2 Adrenoceptor Antagonist,Drug,Retain,None,Complete,Standardize classification and preserve 3D structure bindings
clonidine,Clonidine,alpha2,study-data.js,Drugs,Sedatives,Centrally Acting Alpha-2 Adrenergic Receptor Agonist,Drug,Retain,None,Complete,Standardize classification and preserve 3D structure bindings
dexmedetomidine,Dexmedetomidine,alpha2,study-data.js,Drugs,Sedatives,Highly Selective Alpha-2 Adrenergic Receptor Agonist • Non-Opioid Sedative/Analgesic,Drug,Retain,None,Complete,Standardize classification and preserve 3D structure bindings
dexamethasone,Dexamethasone,steroids,study-data.js,Drugs,ICU Drugs,Long-Acting Synthetic Fluorinated Glucocorticoid,Drug,Retain,None,Complete,Standardize classification and preserve 3D structure bindings
hydrocortisone,Hydrocortisone,steroids,study-data.js,Drugs,ICU Drugs,Short-Acting Natural Glucocorticoid with Equal Mineralocorticoid Activity,Drug,Retain,None,Complete,Standardize classification and preserve 3D structure bindings
methylprednisolone,Methylprednisolone,steroids,study-data.js,Drugs,ICU Drugs,Intermediate-Acting Synthetic Glucocorticoid,Drug,Retain,None,Complete,Standardize classification and preserve 3D structure bindings
metformin,Metformin,antidiabetics,study-data.js,Drugs,ICU Drugs,Biguanide • AMPK Activator & Mitochondrial Complex I Inhibitor,Drug,Retain,None,Complete,Standardize classification and preserve 3D structure bindings
empagliflozin,Empagliflozin,antidiabetics,study-data.js,Drugs,ICU Drugs,Sodium-Glucose Co-Transporter 2 (SGLT2) Inhibitor,Drug,Retain,None,Complete,Standardize classification and preserve 3D structure bindings
dapagliflozin,Dapagliflozin,antidiabetics,study-data.js,Drugs,ICU Drugs,Sodium-Glucose Co-Transporter 2 (SGLT2) Inhibitor • C-Aryl Glucoside,Drug,Retain,None,Complete,Standardize classification and preserve 3D structure bindings
semaglutide,Semaglutide,antidiabetics,study-data.js,Drugs,ICU Drugs,Glucagon-Like Peptide-1 (GLP-1) Receptor Agonist,Drug,Retain,None,Complete,Standardize classification and preserve 3D structure bindings
glimepiride,Glimepiride,antidiabetics,study-data.js,Drugs,ICU Drugs,Second-Generation Sulfonylurea • Pancreatic Beta-Cell K-ATP Channel Blocker,Drug,Retain,None,Complete,Standardize classification and preserve 3D structure bindings
sitagliptin,Sitagliptin,antidiabetics,study-data.js,Drugs,ICU Drugs,Dipeptidyl Peptidase-4 (DPP-4) Inhibitor • Incretin Enhancer,Drug,Retain,None,Complete,Standardize classification and preserve 3D structure bindings
pioglitazone,Pioglitazone,antidiabetics,study-data.js,Drugs,ICU Drugs,Thiazolidinedione (TZD) • Peroxisome Proliferator-Activated Receptor Gamma (PPAR-γ) Agonist,Drug,Retain,None,Complete,Standardize classification and preserve 3D structure bindings
insulin-regular,Regular Insulin,antidiabetics,study-data.js,Drugs,ICU Drugs,Short-Acting Human Recombinant Insulin • Tyrosine Kinase Receptor Agonist,Drug,Retain,None,Complete,Standardize classification and preserve 3D structure bindings
insulin-glargine,Insulin Glargine,antidiabetics,study-data.js,Drugs,ICU Drugs,Long-Acting Peakless Basal Human Insulin Analogue,Drug,Retain,None,Complete,Standardize classification and preserve 3D structure bindings
ondansetron,Ondansetron,miscellaneous,study-data.js,Drugs,Emergency Drugs,Selective 5-HT3 (Serotonin) Receptor Antagonist Antiemetic,Drug,Retain,None,Complete,Standardize classification and preserve 3D structure bindings
magnesium-sulphate,Magnesium Sulphate,miscellaneous,study-data.js,Drugs,Emergency Drugs,Divalent Intracellular Cation • Physiological Calcium Antagonist & NMDA Receptor Blocker,Drug,Retain,None,Complete,Standardize classification and preserve 3D structure bindings
sodium-bicarbonate,Sodium Bicarbonate,miscellaneous,study-data.js,Drugs,Emergency Drugs,Systemic Alkalinizing Agent • Urinary Alkalinizer & Hypertonic Buffer,Drug,Retain,None,Complete,Standardize classification and preserve 3D structure bindings
potassium-chloride,Potassium Chloride,miscellaneous,study-data.js,Drugs,Emergency Drugs,Essential Intracellular Electrolyte Concentrate,Drug,Retain,None,Complete,Standardize classification and preserve 3D structure bindings
calcium-gluconate-chloride,Calcium (Gluconate vs Chloride),miscellaneous,study-data.js,Drugs,Emergency Drugs,Divalent Extracellular Cation • Myocardial Membrane Stabilizer & Coagulation Factor IV,Drug,Retain,None,Complete,Standardize classification and preserve 3D structure bindings
intralipid-20,Intralipid 20%,miscellaneous,study-data.js,Drugs,Emergency Drugs,Sterile Fat Emulsion • First-Line Specific Antidote for Local Anaesthetic Systemic Toxicity (LAST),Drug,Retain,None,Complete,Standardize classification and preserve 3D structure bindings
dantrolene,Dantrolene Sodium,miscellaneous,study-data.js,Drugs,Emergency Drugs,Post-Synaptic Skeletal Muscle Relaxant • Ryanodine Receptor 1 (RyR1) Antagonist,Drug,Retain,None,Complete,Standardize classification and preserve 3D structure bindings
atropine,Atropine Sulfate,miscellaneous,study-data.js,Drugs,Emergency Drugs,Tertiary Amine Parasympatholytic • Competitive Non-Selective Muscarinic Acetylcholine Receptor Antagonist,Drug,Retain,None,Complete,Standardize classification and preserve 3D structure bindings
glycopyrrolate,Glycopyrrolate,miscellaneous,study-data.js,Drugs,Emergency Drugs,Synthetic Quaternary Ammonium Parasympatholytic • Peripheral Muscarinic Acetylcholine Receptor Antagonist,Drug,Retain,None,Complete,Standardize classification and preserve 3D structure bindings
amiodarone,Amiodarone,miscellaneous,study-data.js,Drugs,Emergency Drugs,Broad-Spectrum Vaughan Williams Class III Antiarrhythmic • Multi-Channel Membrane Stabiliser,Drug,Retain,None,Complete,Standardize classification and preserve 3D structure bindings